ID,Sequence,Length,Generation_Method,Predicted_Probability,Predicted_Label,length,charge,hydrophobicity,hydrophobic_moment,instability_index,isoelectric_point,aliphatic_index
Generated_Seq_1,MFEKFVNRIRIYPPQKGLAAGLRVDLSGPGGAGTLVLFKS,40,D3PM_ESM2_Real,1.0,Anti-Gram-Negative,40,3.9914108684803904,0.12750000000000003,0.5376432562573522,16.4825,11.090358157642186,97.5
Generated_Seq_2,MPIWDTLGLKGLDISRPEGSGFIKVAQVNFPRYKLVGLAS,40,D3PM_ESM2_Real,0.8014684723844223,Anti-Gram-Negative,40,1.9915969823727688,0.16125,0.40736306599120214,13.62,10.114547089673579,104.75000000000001
Generated_Seq_3,MYKWIKLKRRFVLPGFVPTAEANSIGPDHSPAGLKARQRG,40,D3PM_ESM2_Real,0.9723584291425709,Anti-Gram-Negative,40,6.028948293686611,-0.07824999999999997,0.5916592031169472,55.8875,11.663739652372897,73.25
Generated_Seq_4,MWKRDSEDIAGKTVAKFAAIELSRLLRFGIRGNVLPQLKR,40,D3PM_ESM2_Real,1.0,Anti-Gram-Negative,40,4.99367211447052,-0.11249999999999996,0.8703107260783111,60.12749999999998,11.595139703713357,102.49999999999999
Generated_Seq_5,NAFKFLSPLGKGRTAKLIQAKVRGRVDWEIGVRPSASGLR,40,D3PM_ESM2_Real,0.8073523547317961,Anti-Gram-Negative,40,6.992786873194959,-0.099,0.5814385114581545,21.8675,12.36226159054786,90.25000000000001
Generated_Seq_6,MLIPLKGGVAIKKRKAFTKRALDVRSEPLSGPNWATGFRQ,40,D3PM_ESM2_Real,1.0,Anti-Gram-Negative,40,6.99205442965598,-0.08999999999999994,0.4195526034238009,39.00499999999999,12.141381344757974,83.0
Generated_Seq_7,MWVSIRGAAKERVFGYTLKRIPDNKRLPSLRGPGLAQLKV,40,D3PM_ESM2_Real,1.0,Anti-Gram-Negative,40,6.990653472235827,-0.09974999999999998,0.6882800997424289,24.707500000000007,12.018424370326102,97.5
Generated_Seq_8,MYPWILGDVILKRRKRISAAPLLSFKGTPRGANTRPQAEV,40,D3PM_ESM2_Real,1.0,Anti-Gram-Negative,40,5.991394233343334,-0.07599999999999997,0.4971269875403324,54.352499999999985,11.995868532918394,92.75
Generated_Seq_9,REGLDARNLAQRLLAGVPRFSPSKIDRWLYRVIVKKPAVG,40,D3PM_ESM2_Real,1.0,Anti-Gram-Negative,40,5.991563712098655,-0.13224999999999995,0.8352027385966457,38.699999999999996,11.911805973388255,107.25
Generated_Seq_10,VLAITLENFRGVGGKRSRSTIRIPKLDPEKGANGRKAAYQ,40,D3PM_ESM2_Real,1.0,Anti-Gram-Negative,40,5.99136091718754,-0.19624999999999998,0.5328253903691432,31.144999999999992,11.608601306565106,83.0
Generated_Seq_11,MRIRDAAVGLGKPLKFEVRRSIEQGHAGSKPRNTKFVALY,40,D3PM_ESM2_Real,1.0,Anti-Gram-Negative,40,6.029647421069797,-0.15924999999999995,0.5786061104544903,37.91,11.608604683540761,80.5
Generated_Seq_12,MPFRPREFELASKDAALKSTGLSKIGGTLKLVWRGNVRIR,40,D3PM_ESM2_Real,1.0,Anti-Gram-Negative,40,5.993494318146672,-0.10949999999999997,0.6294662954055451,14.585000000000008,12.013908988796175,90.25
Generated_Seq_13,AFILKFIDVREPRKKKLADREISLNGVTSRRALPHAPVGQ,40,D3PM_ESM2_Real,1.0,Anti-Gram-Negative,40,5.031958618352775,-0.16424999999999995,0.48751853889473634,39.635,11.595143302343786,100.0
Generated_Seq_14,GRAWLSVFIKEFLVARQAVRALGTPADRLGGNSKPKIRIK,40,D3PM_ESM2_Real,0.6995057128972867,Anti-Gram-Negative,40,6.992786873194957,-0.056499999999999974,0.6899569473695896,9.044999999999998,12.36226159054786,102.49999999999999
Generated_Seq_15,GLYVRAPRKKKEPDGSIAKHAFGGGSTQPLRVNTALKGIV,40,D3PM_ESM2_Real,1.0,Anti-Gram-Negative,40,6.0282158501476335,-0.07174999999999997,0.4210099338726925,18.91250000000001,11.332681546919048,80.5
Generated_Seq_16,VLELWIPPAVRPKPTIGAVHARENMLKTAFSRSGLKSLKG,40,D3PM_ESM2_Real,1.0,Anti-Gram-Negative,40,5.031619660842132,0.03625000000000006,0.5994252635666266,32.6975,11.721764308400452,100.0
Generated_Seq_17,MRGVDAGIPKSGLFKLTKGRSAVYAAQPHRNESKRPQRIQ,40,D3PM_ESM2_Real,1.0,Anti-Gram-Negative,40,7.028939976118082,-0.2679999999999999,0.5503355306333009,36.655,12.018425504676998,63.5
Generated_Seq_18,GPRRLTEGVGKKGTRRYASAALFPDIISERWANVKVQKSF,40,D3PM_ESM2_Real,1.0,Anti-Gram-Negative,40,5.991360917187542,-0.1772499999999999,0.6682823136227433,52.33,11.608601306565106,70.75
Generated_Seq_19,RPIWFLLLNRAKKRARKLQHRRVPGSYVGIGAFLDKEPVA,40,D3PM_ESM2_Real,1.0,Anti-Gram-Negative,40,8.028931658549554,-0.14999999999999997,0.7275916773166675,49.017499999999984,12.245632247067988,100.0
Generated_Seq_20,DGIIAFRKSASGKGRRQASNELRPGLDTVVLRPVLPAKVK,40,D3PM_ESM2_Real,1.0,Anti-Gram-Negative,40,5.992964669518807,-0.15349999999999994,0.6259204391040865,49.622499999999995,12.013908988796175,97.50000000000001
